Location,Great Falls
Grain,Hard Red Winter
Variety,12.0%

Date,Low,High,Units,Weekly Average
2005-01-08,3.18,3.40,$/Bushel,Yes
2005-01-15,3.19,3.37,$/Bushel,Yes
2005-01-22,3.16,3.41,$/Bushel,Yes
2005-01-29,3.11,3.27,$/Bushel,Yes
2005-02-05,3.16,3.23,$/Bushel,Yes
2005-02-12,3.15,3.28,$/Bushel,Yes
2005-02-19,3.11,3.27,$/Bushel,Yes
2005-02-26,3.22,3.53,$/Bushel,Yes
2005-03-05,3.25,3.61,$/Bushel,Yes
2005-03-12,3.28,3.50,$/Bushel,Yes
2005-03-19,3.27,3.44,$/Bushel,Yes
2005-03-26,3.10,3.27,$/Bushel,Yes
2005-04-02,3.04,3.19,$/Bushel,Yes
2005-04-09,3.02,3.04,$/Bushel,Yes
2005-04-16,2.96,3.05,$/Bushel,Yes
2005-04-23,2.98,3.05,$/Bushel,Yes
2005-04-30,3.13,3.23,$/Bushel,Yes
2005-05-07,3.01,3.14,$/Bushel,Yes
2005-05-14,2.94,3.18,$/Bushel,Yes
2005-05-21,2.98,3.20,$/Bushel,Yes
2005-05-28,3.11,3.37,$/Bushel,Yes
2005-06-04,3.02,3.33,$/Bushel,Yes
2005-06-11,2.96,3.20,$/Bushel,Yes
2005-06-18,3.09,3.26,$/Bushel,Yes
2005-06-25,3.14,3.33,$/Bushel,Yes
2005-07-02,2.98,3.24,$/Bushel,Yes
2005-07-09,3.01,3.31,$/Bushel,Yes
2005-07-16,2.90,3.21,$/Bushel,Yes
2005-07-23,2.79,2.95,$/Bushel,Yes
2005-07-30,2.74,2.98,$/Bushel,Yes
2005-08-06,2.77,3.03,$/Bushel,Yes
2005-08-13,2.76,3.02,$/Bushel,Yes
2005-08-20,2.82,3.13,$/Bushel,Yes
2005-08-27,2.85,3.26,$/Bushel,Yes
2005-09-03,3.00,3.30,$/Bushel,Yes
2005-09-10,3.04,3.30,$/Bushel,Yes
2005-09-17,3.22,3.46,$/Bushel,Yes
2005-09-24,3.27,3.42,$/Bushel,Yes
2005-10-01,3.28,3.50,$/Bushel,Yes
2005-10-08,3.32,3.52,$/Bushel,Yes
2005-10-15,3.36,3.54,$/Bushel,Yes
2005-10-22,3.28,3.41,$/Bushel,Yes
2005-10-29,3.33,3.43,$/Bushel,Yes
2005-11-05,3.21,3.46,$/Bushel,Yes
2005-11-12,3.22,3.42,$/Bushel,Yes
2005-11-19,3.15,3.43,$/Bushel,Yes
2005-11-26,3.05,3.35,$/Bushel,Yes
2005-12-03,3.07,3.50,$/Bushel,Yes
2005-12-10,3.00,3.56,$/Bushel,Yes
2005-12-17,3.24,3.54,$/Bushel,Yes
2005-12-24,3.46,3.60,$/Bushel,Yes
2005-12-31,3.50,3.68,$/Bushel,Yes
2006-01-07,3.48,3.65,$/Bushel,Yes
2006-01-14,3.38,3.56,$/Bushel,Yes
2006-01-21,3.41,3.58,$/Bushel,Yes
2006-01-28,3.51,3.67,$/Bushel,Yes
2006-02-04,3.59,3.81,$/Bushel,Yes
2006-02-11,3.70,4.04,$/Bushel,Yes
2006-02-18,3.66,3.97,$/Bushel,Yes
2006-02-25,3.76,3.92,$/Bushel,Yes
2006-03-04,3.76,3.86,$/Bushel,Yes
2006-03-11,3.74,3.93,$/Bushel,Yes
2006-03-18,3.54,3.67,$/Bushel,Yes
2006-03-25,3.42,3.67,$/Bushel,Yes
2006-04-01,3.37,3.69,$/Bushel,Yes
2006-04-08,3.51,3.91,$/Bushel,Yes
2006-04-15,3.85,4.22,$/Bushel,Yes
2006-04-22,4.01,4.08,$/Bushel,Yes
2006-04-29,3.98,4.06,$/Bushel,Yes
2006-05-06,4.00,4.09,$/Bushel,Yes
2006-05-13,4.20,4.35,$/Bushel,Yes
2006-05-20,4.44,4.57,$/Bushel,Yes
2006-05-27,4.50,4.67,$/Bushel,Yes
2006-06-03,4.38,4.54,$/Bushel,Yes
2006-06-10,4.29,4.53,$/Bushel,Yes
2006-06-17,4.17,4.35,$/Bushel,Yes
2006-06-24,4.34,4.46,$/Bushel,Yes
2006-07-01,4.47,4.65,$/Bushel,Yes
2006-07-08,4.56,4.77,$/Bushel,Yes
2006-07-15,4.45,4.68,$/Bushel,Yes
2006-07-22,4.26,4.55,$/Bushel,Yes
2006-07-29,4.18,4.31,$/Bushel,Yes
2006-08-05,4.16,4.32,$/Bushel,Yes
2006-08-12,3.99,4.19,$/Bushel,Yes
2006-08-19,3.86,4.03,$/Bushel,Yes
2006-08-26,3.92,4.10,$/Bushel,Yes
2006-09-02,4.09,4.32,$/Bushel,Yes
2006-09-09,4.26,4.42,$/Bushel,Yes
2006-09-16,4.15,4.32,$/Bushel,Yes
2006-09-23,4.28,4.43,$/Bushel,Yes
2006-09-30,4.38,4.43,$/Bushel,Yes
2006-10-07,4.51,4.57,$/Bushel,Yes
2006-10-14,4.74,4.89,$/Bushel,Yes
2006-10-21,4.73,4.87,$/Bushel,Yes
2006-10-28,4.79,4.84,$/Bushel,Yes
2006-11-04,4.68,4.71,$/Bushel,Yes
2006-11-11,4.74,4.78,$/Bushel,Yes
2006-11-18,4.69,4.73,$/Bushel,Yes
2006-11-25,4.66,4.73,$/Bushel,Yes
2006-12-02,4.71,4.89,$/Bushel,Yes
2006-12-09,4.50,4.80,$/Bushel,Yes
2006-12-16,4.66,4.73,$/Bushel,Yes
2006-12-23,4.65,4.75,$/Bushel,Yes
2006-12-30,4.72,4.81,$/Bushel,Yes
2007-01-06,4.44,4.48,$/Bushel,Yes
2007-01-13,4.47,4.53,$/Bushel,Yes
2007-01-20,4.58,4.63,$/Bushel,Yes
2007-01-27,4.57,4.68,$/Bushel,Yes
2007-02-03,4.51,4.65,$/Bushel,Yes
2007-02-10,4.48,4.69,$/Bushel,Yes
2007-02-17,4.51,4.77,$/Bushel,Yes
2007-02-24,4.76,4.93,$/Bushel,Yes
2007-03-03,4.87,4.96,$/Bushel,Yes
2007-03-10,4.83,4.92,$/Bushel,Yes
2007-03-17,4.66,4.82,$/Bushel,Yes
2007-03-24,4.75,4.81,$/Bushel,Yes
2007-03-31,4.65,4.74,$/Bushel,Yes
2007-04-07,4.59,4.62,$/Bushel,Yes
2007-04-14,4.80,4.91,$/Bushel,Yes
2007-04-21,4.97,5.11,$/Bushel,Yes
2007-04-28,4.89,5.11,$/Bushel,Yes
2007-05-05,4.69,4.95,$/Bushel,Yes
2007-05-12,4.61,4.85,$/Bushel,Yes
2007-05-19,4.63,4.85,$/Bushel,Yes
2007-05-26,4.56,4.73,$/Bushel,Yes
2007-06-02,4.76,4.90,$/Bushel,Yes
2007-06-09,4.87,5.01,$/Bushel,Yes
2007-06-16,5.28,5.46,$/Bushel,Yes
2007-06-23,5.14,5.39,$/Bushel,Yes
2007-06-30,5.23,5.46,$/Bushel,Yes
2007-07-07,5.20,5.50,$/Bushel,Yes
2007-07-14,5.34,5.51,$/Bushel,Yes
2007-07-21,5.35,5.54,$/Bushel,Yes
2007-07-28,5.67,5.80,$/Bushel,Yes
2007-08-04,5.70,5.85,$/Bushel,Yes
2007-08-11,5.89,6.12,$/Bushel,Yes
2007-08-18,5.90,6.10,$/Bushel,Yes
2007-08-25,5.95,6.24,$/Bushel,Yes
2007-09-01,6.28,6.48,$/Bushel,Yes
2007-09-08,6.91,7.05,$/Bushel,Yes
2007-09-15,7.33,7.66,$/Bushel,Yes
2007-09-22,7.54,7.83,$/Bushel,Yes
2007-09-29,8.08,8.39,$/Bushel,Yes
2007-10-06,8.38,8.81,$/Bushel,Yes
2007-10-13,7.88,8.49,$/Bushel,Yes
2007-10-20,8.10,8.38,$/Bushel,Yes
2007-10-27,8.25,8.42,$/Bushel,Yes
2007-11-03,8.08,8.30,$/Bushel,Yes
2007-11-10,7.87,8.19,$/Bushel,Yes
2007-11-17,7.63,7.89,$/Bushel,Yes
2007-11-24,8.04,8.15,$/Bushel,Yes
2007-12-01,8.67,8.88,$/Bushel,Yes
2007-12-08,8.99,9.22,$/Bushel,Yes
2007-12-15,9.60,9.77,$/Bushel,Yes
2007-12-22,9.61,9.82,$/Bushel,Yes
2007-12-29,9.24,9.43,$/Bushel,Yes
2008-01-05,9.23,9.51,$/Bushel,Yes
2008-01-12,8.90,9.28,$/Bushel,Yes
2008-01-19,9.52,10.03,$/Bushel,Yes
2008-01-26,9.49,10.20,$/Bushel,Yes
2008-02-02,9.81,10.74,$/Bushel,Yes
2008-02-09,11.35,11.88,$/Bushel,Yes
2008-02-16,11.19,11.74,$/Bushel,Yes
2008-02-23,11.87,12.25,$/Bushel,Yes
2008-03-01,13.41,13.80,$/Bushel,Yes
2008-03-08,12.83,13.10,$/Bushel,Yes
2008-03-15,13.65,13.97,$/Bushel,Yes
2008-03-22,12.14,12.57,$/Bushel,Yes
2008-03-29,11.34,11.81,$/Bushel,Yes
2008-04-05,10.33,10.61,$/Bushel,Yes
2008-04-12,10.22,10.32,$/Bushel,Yes
2008-04-19,9.81,10.02,$/Bushel,Yes
2008-04-26,8.93,9.28,$/Bushel,Yes
2008-05-03,8.32,8.97,$/Bushel,Yes
2008-05-10,8.22,8.96,$/Bushel,Yes
2008-05-17,8.05,8.52,$/Bushel,Yes
2008-05-24,8.06,8.56,$/Bushel,Yes
2008-05-31,7.50,8.30,$/Bushel,Yes
2008-06-07,7.41,8.31,$/Bushel,Yes
2008-06-14,8.07,8.89,$/Bushel,Yes
2008-06-21,8.69,9.37,$/Bushel,Yes
2008-06-28,8.56,9.40,$/Bushel,Yes
2008-07-05,8.21,8.96,$/Bushel,Yes
2008-07-12,7.93,8.56,$/Bushel,Yes
2008-07-19,8.01,8.36,$/Bushel,Yes
2008-07-26,7.54,8.22,$/Bushel,Yes
2008-08-02,7.71,8.07,$/Bushel,Yes
2008-08-09,7.70,7.86,$/Bushel,Yes
2008-08-16,8.22,8.41,$/Bushel,Yes
2008-08-23,8.57,8.75,$/Bushel,Yes
2008-08-30,8.04,8.26,$/Bushel,Yes
2008-09-06,7.59,7.74,$/Bushel,Yes
2008-09-13,7.18,7.37,$/Bushel,Yes
2008-09-20,6.96,7.20,$/Bushel,Yes
2008-09-27,7.07,7.35,$/Bushel,Yes
2008-10-04,6.54,6.66,$/Bushel,Yes
2008-10-11,5.96,6.15,$/Bushel,Yes
2008-10-18,5.67,5.76,$/Bushel,Yes
2008-10-25,5.33,5.43,$/Bushel,Yes
2008-11-01,5.36,5.43,$/Bushel,Yes
2008-11-08,5.48,5.52,$/Bushel,Yes
2008-11-15,5.43,5.56,$/Bushel,Yes
2008-11-22,5.22,5.35,$/Bushel,Yes
2008-11-29,5.40,5.49,$/Bushel,Yes
2008-12-06,4.84,5.04,$/Bushel,Yes
2008-12-13,4.80,5.05,$/Bushel,Yes
2008-12-20,5.30,5.40,$/Bushel,Yes
2008-12-27,5.48,5.62,$/Bushel,Yes
2009-01-03,5.75,5.98,$/Bushel,Yes
2009-01-10,6.10,6.24,$/Bushel,Yes
2009-01-17,5.62,5.69,$/Bushel,Yes
2009-01-24,5.64,5.70,$/Bushel,Yes
2009-01-31,5.79,5.87,$/Bushel,Yes
2009-02-07,5.50,5.62,$/Bushel,Yes
2009-02-14,5.46,5.56,$/Bushel,Yes
2009-02-21,5.17,5.39,$/Bushel,Yes
2009-02-28,5.19,5.44,$/Bushel,Yes
2009-03-07,5.15,5.41,$/Bushel,Yes
2009-03-14,5.29,5.54,$/Bushel,Yes
2009-03-21,5.48,5.80,$/Bushel,Yes
2009-03-28,4.91,5.55,$/Bushel,Yes
2009-04-04,5.52,5.58,$/Bushel,Yes
2009-04-11,5.56,5.66,$/Bushel,Yes
2009-04-18,5.36,5.51,$/Bushel,Yes
2009-04-25,5.41,5.53,$/Bushel,Yes
2009-05-02,5.22,5.43,$/Bushel,Yes
2009-05-09,5.46,5.72,$/Bushel,Yes
2009-05-16,5.67,5.95,$/Bushel,Yes
2009-05-23,5.74,6.03,$/Bushel,Yes
2009-05-30,5.99,6.29,$/Bushel,Yes
2009-06-06,6.23,6.49,$/Bushel,Yes
2009-06-13,5.96,6.02,$/Bushel,Yes
2009-06-20,5.73,5.84,$/Bushel,Yes
2009-06-27,5.47,5.66,$/Bushel,Yes
2009-07-04,5.18,5.43,$/Bushel,Yes
2009-07-11,4.91,5.16,$/Bushel,Yes
2009-07-18,5.29,5.34,$/Bushel,Yes
2009-07-25,5.19,5.27,$/Bushel,Yes
2009-08-01,5.06,5.15,$/Bushel,Yes
2009-08-08,5.10,5.13,$/Bushel,Yes
2009-08-15,4.71,4.75,$/Bushel,Yes
2009-08-22,4.46,4.59,$/Bushel,Yes
2009-08-29,4.53,4.68,$/Bushel,Yes
2009-09-05,4.39,4.63,$/Bushel,Yes
2009-09-12,4.11,4.32,$/Bushel,Yes
2009-09-19,4.11,4.32,$/Bushel,Yes
2009-09-26,4.08,4.30,$/Bushel,Yes
2009-10-03,4.05,4.25,$/Bushel,Yes
2009-10-10,4.10,4.37,$/Bushel,Yes
2009-10-17,4.50,4.71,$/Bushel,Yes
2009-10-24,4.71,4.90,$/Bushel,Yes
2009-10-31,4.49,4.58,$/Bushel,Yes
2009-11-07,4.68,4.76,$/Bushel,Yes
2009-11-14,4.83,4.94,$/Bushel,Yes
2009-11-21,5.09,5.18,$/Bushel,Yes
2009-11-28,4.78,4.97,$/Bushel,Yes
2009-12-05,4.88,5.12,$/Bushel,Yes
2009-12-12,4.46,4.81,$/Bushel,Yes
2009-12-19,4.42,4.72,$/Bushel,Yes
2009-12-26,4.36,4.66,$/Bushel,Yes
2010-01-02,4.59,4.88,$/Bushel,Yes
2010-01-09,4.87,5.05,$/Bushel,Yes
2010-01-16,4.71,4.93,$/Bushel,Yes
2010-01-23,4.40,4.64,$/Bushel,Yes
2010-01-30,4.32,4.55,$/Bushel,Yes
2010-02-06,4.25,4.47,$/Bushel,Yes
2010-02-13,4.34,4.58,$/Bushel,Yes
2010-02-20,4.39,4.64,$/Bushel,Yes
2010-02-27,4.42,4.66,$/Bushel,Yes
2010-03-06,4.42,4.61,$/Bushel,Yes
2010-03-13,4.34,4.47,$/Bushel,Yes
2010-03-20,4.27,4.50,$/Bushel,Yes
2010-03-27,4.15,4.44,$/Bushel,Yes
2010-04-03,4.04,4.32,$/Bushel,Yes
2010-04-10,4.42,4.43,$/Bushel,Yes
2010-04-17,4.51,4.55,$/Bushel,Yes
2010-04-24,4.55,4.62,$/Bushel,Yes
2010-05-01,4.48,4.57,$/Bushel,Yes
2010-05-08,4.52,4.69,$/Bushel,Yes
2010-05-15,4.32,4.47,$/Bushel,Yes
2010-05-22,4.22,4.39,$/Bushel,Yes
2010-05-29,4.19,4.32,$/Bushel,Yes
2010-06-05,4.05,4.21,$/Bushel,Yes
2010-06-12,3.94,4.04,$/Bushel,Yes
2010-06-19,4.13,4.30,$/Bushel,Yes
2010-06-26,4.17,4.30,$/Bushel,Yes
2010-07-03,4.13,4.31,$/Bushel,Yes
2010-07-10,4.46,4.64,$/Bushel,Yes
2010-07-17,4.67,4.98,$/Bushel,Yes
2010-07-24,4.74,5.22,$/Bushel,Yes
2010-07-31,4.96,5.30,$/Bushel,Yes
2010-08-07,5.58,5.88,$/Bushel,Yes
2010-08-14,5.69,5.87,$/Bushel,Yes
2010-08-21,5.47,5.62,$/Bushel,Yes
2010-08-28,5.51,5.69,$/Bushel,Yes
2010-09-04,5.69,5.96,$/Bushel,Yes
2010-09-11,5.92,6.31,$/Bushel,Yes
2010-09-18,6.03,6.44,$/Bushel,Yes
2010-09-25,6.02,6.35,$/Bushel,Yes
2010-10-02,5.75,6.02,$/Bushel,Yes
2010-10-09,5.76,5.96,$/Bushel,Yes
2010-10-16,6.14,6.34,$/Bushel,Yes
2010-10-23,5.89,6.11,$/Bushel,Yes
2010-10-30,6.25,6.36,$/Bushel,Yes
2010-11-06,6.38,6.45,$/Bushel,Yes
2010-11-13,6.46,6.50,$/Bushel,Yes
2010-11-20,5.81,5.90,$/Bushel,Yes
2010-11-27,5.97,5.99,$/Bushel,Yes
2010-12-04,6.36,6.54,$/Bushel,Yes
2010-12-11,6.80,7.17,$/Bushel,Yes
2010-12-18,6.62,7.03,$/Bushel,Yes
2010-12-25,6.91,7.22,$/Bushel,Yes
2011-01-01,7.39,7.48,$/Bushel,Yes
2011-01-08,7.52,7.62,$/Bushel,Yes
2011-01-15,7.50,7.59,$/Bushel,Yes
2011-01-22,7.82,7.89,$/Bushel,Yes
2011-01-29,8.18,8.30,$/Bushel,Yes
2011-02-05,8.29,8.50,$/Bushel,Yes
2011-02-12,8.65,8.88,$/Bushel,Yes
2011-02-19,8.41,8.68,$/Bushel,Yes
2011-02-26,7.78,8.16,$/Bushel,Yes
2011-03-05,8.18,8.56,$/Bushel,Yes
2011-03-12,7.61,8.04,$/Bushel,Yes
2011-03-19,7.08,7.59,$/Bushel,Yes
2011-03-26,7.41,7.99,$/Bushel,Yes
2011-04-02,7.93,8.39,$/Bushel,Yes
2011-04-09,8.73,9.00,$/Bushel,Yes
2011-04-16,8.30,8.47,$/Bushel,Yes
2011-04-23,8.62,8.80,$/Bushel,Yes
2011-04-30,8.72,8.79,$/Bushel,Yes
2011-05-07,8.23,8.36,$/Bushel,Yes
2011-05-14,8.42,8.58,$/Bushel,Yes
2011-05-21,8.69,8.79,$/Bushel,Yes
2011-05-28,8.85,8.97,$/Bushel,Yes
2011-06-04,8.59,8.70,$/Bushel,Yes
2011-06-11,8.43,8.51,$/Bushel,Yes
2011-06-18,7.94,8.00,$/Bushel,Yes
2011-06-25,7.50,7.55,$/Bushel,Yes
2011-07-02,6.75,7.00,$/Bushel,Yes
2011-07-09,6.47,6.88,$/Bushel,Yes
2011-07-16,6.84,7.13,$/Bushel,Yes
2011-07-23,7.05,7.34,$/Bushel,Yes
2011-07-30,7.07,7.26,$/Bushel,Yes
2011-08-06,7.11,7.28,$/Bushel,Yes
2011-08-13,7.12,7.24,$/Bushel,Yes
2011-08-20,7.39,7.57,$/Bushel,Yes
2011-08-27,7.61,7.87,$/Bushel,Yes
2011-09-03,8.02,8.23,$/Bushel,Yes
2011-09-10,7.66,7.93,$/Bushel,Yes
2011-09-17,7.17,7.67,$/Bushel,Yes
2011-09-24,6.67,7.05,$/Bushel,Yes
2011-10-01,6.60,6.95,$/Bushel,Yes
2011-10-08,6.56,6.61,$/Bushel,Yes
2011-10-15,6.67,6.84,$/Bushel,Yes
2011-10-22,6.77,6.91,$/Bushel,Yes
2011-10-29,6.95,7.10,$/Bushel,Yes
2011-11-05,6.84,6.96,$/Bushel,Yes
2011-11-12,6.79,6.95,$/Bushel,Yes
2011-11-19,6.42,6.56,$/Bushel,Yes
2011-11-26,6.18,6.30,$/Bushel,Yes
2011-12-03,6.20,6.29,$/Bushel,Yes
2011-12-10,6.27,6.47,$/Bushel,Yes
2011-12-17,6.06,6.15,$/Bushel,Yes
2011-12-24,6.30,6.39,$/Bushel,Yes
2011-12-31,6.57,6.73,$/Bushel,Yes
2012-01-07,6.60,6.70,$/Bushel,Yes
2012-01-14,6.50,6.64,$/Bushel,Yes
2012-01-21,6.30,6.46,$/Bushel,Yes
2012-01-28,6.58,6.78,$/Bushel,Yes
2012-02-04,6.81,6.98,$/Bushel,Yes
2012-02-11,6.73,6.89,$/Bushel,Yes
2012-02-18,6.55,6.71,$/Bushel,Yes
2012-02-25,6.56,6.78,$/Bushel,Yes
2012-03-03,6.81,7.03,$/Bushel,Yes
2012-03-10,6.85,6.93,$/Bushel,Yes
2012-03-17,6.87,6.99,$/Bushel,Yes
2012-03-24,6.83,6.98,$/Bushel,Yes
2012-03-31,6.78,6.97,$/Bushel,Yes
2012-04-07,6.65,6.95,$/Bushel,Yes
2012-04-14,6.43,6.67,$/Bushel,Yes
2012-04-21,6.35,6.57,$/Bushel,Yes
2012-04-28,6.41,6.75,$/Bushel,Yes
2012-05-05,6.41,6.67,$/Bushel,Yes
2012-05-12,6.15,6.50,$/Bushel,Yes
2012-05-19,6.55,6.81,$/Bushel,Yes
2012-05-26,6.93,7.04,$/Bushel,Yes
2012-06-02,6.53,6.65,$/Bushel,Yes
2012-06-09,6.22,6.54,$/Bushel,Yes
2012-06-16,6.14,6.42,$/Bushel,Yes
2012-06-23,6.45,6.73,$/Bushel,Yes
2012-06-30,6.98,7.25,$/Bushel,Yes
2012-07-07,7.46,7.66,$/Bushel,Yes
2012-07-14,7.71,7.85,$/Bushel,Yes
2012-07-21,8.46,8.59,$/Bushel,Yes
2012-07-28,8.31,8.40,$/Bushel,Yes
2012-08-04,8.21,8.36,$/Bushel,Yes
2012-08-11,8.36,8.42,$/Bushel,Yes
2012-08-18,8.01,8.08,$/Bushel,Yes
2012-08-25,8.26,8.37,$/Bushel,Yes
2012-09-01,8.17,8.31,$/Bushel,Yes
2012-09-08,8.23,8.32,$/Bushel,Yes
2012-09-15,8.37,8.46,$/Bushel,Yes
2012-09-22,8.25,8.36,$/Bushel,Yes
2012-09-29,8.24,8.42,$/Bushel,Yes
2012-10-06,8.16,8.36,$/Bushel,Yes
2012-10-13,8.21,8.45,$/Bushel,Yes
2012-10-20,8.23,8.52,$/Bushel,Yes
2012-10-27,8.46,8.75,$/Bushel,Yes
2012-11-03,8.37,8.77,$/Bushel,Yes
2012-11-10,8.65,8.96,$/Bushel,Yes
2012-11-17,8.32,8.66,$/Bushel,Yes
2012-11-24,8.23,8.58,$/Bushel,Yes
2012-12-01,8.79,8.93,$/Bushel,Yes
2012-12-08,8.67,8.81,$/Bushel,Yes
2012-12-15,8.32,8.49,$/Bushel,Yes
2012-12-22,8.03,8.27,$/Bushel,Yes
2012-12-29,7.77,8.00,$/Bushel,Yes
2013-01-05,7.58,7.90,$/Bushel,Yes
2013-01-12,7.54,7.87,$/Bushel,Yes
2013-01-19,7.89,8.21,$/Bushel,Yes
2013-01-26,7.88,8.18,$/Bushel,Yes
2013-02-02,7.93,8.26,$/Bushel,Yes
2013-02-09,7.74,8.03,$/Bushel,Yes
2013-02-16,7.60,7.89,$/Bushel,Yes
2013-02-23,7.49,7.78,$/Bushel,Yes
2013-03-02,7.26,7.58,$/Bushel,Yes
2013-03-09,7.18,7.54,$/Bushel,Yes
2013-03-16,7.35,7.68,$/Bushel,Yes
2013-03-23,7.75,7.86,$/Bushel,Yes
2013-03-30,7.77,7.92,$/Bushel,Yes
2013-04-06,7.41,7.57,$/Bushel,Yes
2013-04-13,7.62,7.83,$/Bushel,Yes
2013-04-20,7.60,7.84,$/Bushel,Yes
2013-04-27,7.59,7.90,$/Bushel,Yes
2013-05-04,7.92,8.14,$/Bushel,Yes
2013-05-11,7.85,7.92,$/Bushel,Yes
2013-05-18,7.81,7.92,$/Bushel,Yes
2013-05-25,7.64,7.86,$/Bushel,Yes
2013-06-01,7.71,7.90,$/Bushel,Yes
2013-06-08,7.60,7.87,$/Bushel,Yes
2013-06-15,7.38,7.60,$/Bushel,Yes
2013-06-22,7.30,7.59,$/Bushel,Yes
2013-06-29,6.92,7.21,$/Bushel,Yes
2013-07-06,6.75,6.94,$/Bushel,Yes
2013-07-13,6.87,7.03,$/Bushel,Yes
2013-07-20,6.86,7.00,$/Bushel,Yes
2013-07-27,6.79,6.96,$/Bushel,Yes
2013-08-03,6.86,6.97,$/Bushel,Yes
2013-08-10,6.90,7.00,$/Bushel,Yes
2013-08-17,6.94,6.96,$/Bushel,Yes
2013-08-24,6.94,6.96,$/Bushel,Yes
2013-08-31,6.92,7.04,$/Bushel,Yes
2013-09-07,6.66,6.92,$/Bushel,Yes
2013-09-14,6.87,6.97,$/Bushel,Yes
2013-09-21,6.89,6.94,$/Bushel,Yes
2013-09-28,7.06,7.17,$/Bushel,Yes
2013-10-05,7.27,7.40,$/Bushel,Yes
2013-10-19,7.30,7.34,$/Bushel,Yes
2013-10-26,7.35,7.36,$/Bushel,Yes
2013-11-02,7.08,7.14,$/Bushel,Yes
2013-11-09,6.77,6.92,$/Bushel,Yes
2013-11-16,6.62,6.71,$/Bushel,Yes
2013-11-23,6.64,6.71,$/Bushel,Yes
2013-11-30,6.70,6.77,$/Bushel,Yes
2013-12-07,6.70,6.73,$/Bushel,Yes
2013-12-14,6.49,6.58,$/Bushel,Yes
2013-12-21,6.25,6.33,$/Bushel,Yes
2013-12-28,6.13,6.24,$/Bushel,Yes
2014-01-04,6.07,6.15,$/Bushel,Yes
2014-01-11,6.11,6.17,$/Bushel,Yes
2014-01-18,5.90,6.04,$/Bushel,Yes
2014-01-25,5.96,6.07,$/Bushel,Yes
2014-02-01,5.92,6.20,$/Bushel,Yes
2014-02-08,6.25,6.57,$/Bushel,Yes
2014-02-15,6.55,6.69,$/Bushel,Yes
2014-02-22,6.73,6.86,$/Bushel,Yes
2014-03-01,6.73,6.80,$/Bushel,Yes
2014-03-08,6.88,6.94,$/Bushel,Yes
2014-03-15,6.79,7.07,$/Bushel,Yes
2014-03-22,6.96,7.34,$/Bushel,Yes
2014-03-29,6.98,7.38,$/Bushel,Yes
2014-04-05,6.62,6.98,$/Bushel,Yes
2014-04-12,6.47,6.81,$/Bushel,Yes
2014-04-19,6.74,6.93,$/Bushel,Yes
2014-04-26,6.72,6.85,$/Bushel,Yes
2014-05-03,7.30,7.50,$/Bushel,Yes
2014-05-10,7.50,7.74,$/Bushel,Yes
2014-05-17,7.07,7.25,$/Bushel,Yes
2014-05-24,6.78,6.80,$/Bushel,Yes
2014-05-31,6.48,6.50,$/Bushel,Yes
2014-06-07,6.43,6.53,$/Bushel,Yes
2014-06-14,6.49,6.58,$/Bushel,Yes
2014-06-21,6.53,6.57,$/Bushel,Yes
2014-06-28,6.51,6.62,$/Bushel,Yes
2014-07-05,6.32,6.42,$/Bushel,Yes
2014-07-12,5.96,6.05,$/Bushel,Yes
2014-07-19,5.65,5.84,$/Bushel,Yes
2014-07-26,5.45,5.62,$/Bushel,Yes
2014-08-02,5.41,5.52,$/Bushel,Yes
2014-08-09,5.56,5.65,$/Bushel,Yes
2014-08-16,5.31,5.37,$/Bushel,Yes
2014-08-23,5.41,5.45,$/Bushel,Yes
2014-08-30,5.48,5.72,$/Bushel,Yes
2014-09-06,5.54,5.62,$/Bushel,Yes
2014-09-13,5.46,5.50,$/Bushel,Yes
2014-09-20,5.09,5.12,$/Bushel,Yes
2014-09-27,4.94,4.99,$/Bushel,Yes
2014-10-04,4.93,5.01,$/Bushel,Yes
2014-10-11,5.17,5.21,$/Bushel,Yes
2014-10-18,5.34,5.38,$/Bushel,Yes
2014-10-25,5.39,5.58,$/Bushel,Yes
2014-11-01,5.52,5.67,$/Bushel,Yes
2014-11-08,5.57,5.63,$/Bushel,Yes
2014-11-15,5.70,5.80,$/Bushel,Yes
2014-11-22,5.75,5.85,$/Bushel,Yes
2014-11-29,5.88,6.09,$/Bushel,Yes
2014-12-06,6.17,6.24,$/Bushel,Yes
2014-12-13,5.94,6.01,$/Bushel,Yes
2014-12-20,6.13,6.32,$/Bushel,Yes
2014-12-27,5.92,6.13,$/Bushel,Yes
2015-01-03,5.64,5.84,$/Bushel,Yes
2015-01-10,5.56,5.69,$/Bushel,Yes
2015-01-17,5.26,5.32,$/Bushel,Yes
2015-01-24,5.26,5.32,$/Bushel,Yes
2015-01-31,5.08,5.19,$/Bushel,Yes
2015-02-07,5.34,5.41,$/Bushel,Yes
2015-02-14,5.39,5.49,$/Bushel,Yes
2015-02-21,5.32,5.40,$/Bushel,Yes
2015-02-28,5.18,5.25,$/Bushel,Yes
2015-03-07,5.20,5.27,$/Bushel,Yes
2015-03-14,5.41,5.51,$/Bushel,Yes
2015-03-21,5.63,5.65,$/Bushel,Yes
2015-03-28,5.68,5.70,$/Bushel,Yes
2015-04-04,5.80,5.83,$/Bushel,Yes
2015-04-11,5.66,5.71,$/Bushel,Yes
2015-04-18,5.19,5.25,$/Bushel,Yes
2015-04-25,5.09,5.15,$/Bushel,Yes
2015-05-02,4.92,5.01,$/Bushel,Yes
2015-05-09,4.90,5.00,$/Bushel,Yes
2015-05-16,5.10,5.23,$/Bushel,Yes
2015-05-23,5.34,5.49,$/Bushel,Yes
2015-05-30,4.96,5.13,$/Bushel,Yes
2015-06-06,5.19,5.35,$/Bushel,Yes
2015-06-13,5.22,5.35,$/Bushel,Yes
2015-06-20,4.65,5.02,$/Bushel,Yes
2015-06-27,4.95,5.34,$/Bushel,Yes
2015-07-04,5.41,5.57,$/Bushel,Yes
2015-07-11,5.25,5.35,$/Bushel,Yes
2015-07-18,4.98,5.06,$/Bushel,Yes
2015-07-25,4.58,4.70,$/Bushel,Yes
2015-08-01,4.39,4.52,$/Bushel,Yes
2015-08-08,4.30,4.46,$/Bushel,Yes
2015-08-15,4.31,4.51,$/Bushel,Yes
2015-08-22,4.22,4.50,$/Bushel,Yes
2015-08-29,4.20,4.43,$/Bushel,Yes
2015-09-05,4.18,4.38,$/Bushel,Yes
2015-09-12,4.21,4.44,$/Bushel,Yes
2015-09-19,4.31,4.54,$/Bushel,Yes
2015-09-26,4.38,4.66,$/Bushel,Yes
2015-10-03,4.49,4.79,$/Bushel,Yes
2015-10-10,4.65,4.91,$/Bushel,Yes
2015-10-17,4.57,4.84,$/Bushel,Yes
2015-10-24,4.46,4.65,$/Bushel,Yes
2015-10-31,4.57,4.80,$/Bushel,Yes
2015-11-07,4.70,4.80,$/Bushel,Yes
2015-11-14,4.49,4.58,$/Bushel,Yes
2015-11-21,4.46,4.55,$/Bushel,Yes
2015-11-28,4.41,4.51,$/Bushel,Yes
2015-12-05,4.39,4.55,$/Bushel,Yes
2015-12-12,4.43,4.62,$/Bushel,Yes
2015-12-19,4.55,4.60,$/Bushel,Yes
2015-12-26,4.43,4.50,$/Bushel,Yes
2016-01-02,4.37,4.46,$/Bushel,Yes
2016-01-09,4.39,4.42,$/Bushel,Yes
2016-01-16,4.49,4.53,$/Bushel,Yes
2016-01-23,4.47,4.54,$/Bushel,Yes
2016-01-30,4.47,4.55,$/Bushel,Yes
2016-02-06,4.42,4.46,$/Bushel,Yes
2016-02-13,4.23,4.30,$/Bushel,Yes
2016-02-20,4.32,4.39,$/Bushel,Yes
2016-02-27,4.21,4.33,$/Bushel,Yes
2016-03-05,4.21,4.35,$/Bushel,Yes
2016-03-12,3.50,4.49,$/Bushel,Yes
2016-03-19,4.34,4.48,$/Bushel,Yes
2016-03-26,4.27,4.39,$/Bushel,Yes
2016-04-02,4.34,4.42,$/Bushel,Yes
2016-04-09,4.26,4.34,$/Bushel,Yes
2016-04-16,4.15,4.29,$/Bushel,Yes
2016-04-23,4.46,4.55,$/Bushel,Yes
2016-04-30,4.37,4.41,$/Bushel,Yes
2016-05-07,4.22,4.29,$/Bushel,Yes
2016-05-14,4.07,4.21,$/Bushel,Yes
2016-05-21,4.15,4.29,$/Bushel,Yes
2016-05-28,4.21,4.29,$/Bushel,Yes
2016-06-04,4.31,4.41,$/Bushel,Yes
2016-06-11,4.43,4.58,$/Bushel,Yes
2016-06-18,4.11,4.30,$/Bushel,Yes
2016-06-25,3.89,4.04,$/Bushel,Yes
2016-07-02,3.68,3.81,$/Bushel,Yes
2016-07-09,3.63,3.72,$/Bushel,Yes
2016-07-16,3.71,3.78,$/Bushel,Yes
2016-07-23,3.69,3.86,$/Bushel,Yes
2016-07-30,3.75,3.88,$/Bushel,Yes
2016-08-06,3.70,3.79,$/Bushel,Yes
2016-08-13,3.74,3.80,$/Bushel,Yes
2016-08-20,3.81,3.89,$/Bushel,Yes
2016-08-27,3.73,3.80,$/Bushel,Yes
2016-09-03,3.42,3.50,$/Bushel,Yes
2016-09-10,3.61,3.73,$/Bushel,Yes
2016-09-17,3.62,3.72,$/Bushel,Yes
2016-09-24,3.62,3.72,$/Bushel,Yes
2016-10-01,3.58,3.68,$/Bushel,Yes
2016-10-08,3.43,3.54,$/Bushel,Yes
2016-10-15,3.52,3.66,$/Bushel,Yes
2016-10-22,3.72,3.82,$/Bushel,Yes
2016-10-29,3.66,3.82,$/Bushel,Yes
2016-11-05,3.82,3.93,$/Bushel,Yes
2016-11-12,3.88,4.04,$/Bushel,Yes
2016-11-19,3.79,3.95,$/Bushel,Yes
2016-11-26,3.85,4.07,$/Bushel,Yes
2016-12-03,3.88,3.95,$/Bushel,Yes
2016-12-10,3.75,3.83,$/Bushel,Yes
2016-12-17,3.91,3.99,$/Bushel,Yes
2016-12-31,3.90,4.02,$/Bushel,Yes
2017-01-07,4.04,4.13,$/Bushel,Yes
2017-01-14,4.13,4.28,$/Bushel,Yes
2017-01-21,4.19,4.41,$/Bushel,Yes
2017-01-28,4.07,4.28,$/Bushel,Yes
2017-02-04,4.07,4.24,$/Bushel,Yes
2017-02-11,4.14,4.28,$/Bushel,Yes
2017-02-18,4.28,4.49,$/Bushel,Yes
2017-02-25,4.14,4.35,$/Bushel,Yes
2017-03-04,4.16,4.31,$/Bushel,Yes
2017-03-11,4.23,4.34,$/Bushel,Yes
2017-03-18,4.08,4.26,$/Bushel,Yes
2017-03-25,3.98,4.12,$/Bushel,Yes
2017-04-01,3.92,4.08,$/Bushel,Yes
2017-04-08,3.95,4.11,$/Bushel,Yes
2017-04-15,3.94,4.17,$/Bushel,Yes
2017-04-22,3.91,4.05,$/Bushel,Yes
2017-04-29,3.97,4.07,$/Bushel,Yes
2017-05-06,4.37,4.52,$/Bushel,Yes
2017-05-13,4.10,4.28,$/Bushel,Yes
2017-05-20,3.99,4.16,$/Bushel,Yes
2017-05-27,4.04,4.22,$/Bushel,Yes
2017-06-03,4.06,4.26,$/Bushel,Yes
2017-06-10,4.25,4.35,$/Bushel,Yes
2017-06-17,4.40,4.51,$/Bushel,Yes
2017-06-24,4.58,4.70,$/Bushel,Yes
2017-07-01,4.59,4.78,$/Bushel,Yes
2017-07-08,5.30,5.55,$/Bushel,Yes
2017-07-15,5.15,5.37,$/Bushel,Yes
2017-07-22,4.78,5.02,$/Bushel,Yes
2017-07-29,4.56,4.85,$/Bushel,Yes
2017-08-05,4.42,4.74,$/Bushel,Yes
2017-08-12,4.28,4.64,$/Bushel,Yes
2017-08-19,3.90,4.34,$/Bushel,Yes
2017-08-26,3.80,4.18,$/Bushel,Yes
2017-09-02,3.88,4.28,$/Bushel,Yes
2017-09-09,4.24,4.42,$/Bushel,Yes
2017-09-16,4.25,4.42,$/Bushel,Yes
2017-09-23,4.36,4.52,$/Bushel,Yes
2017-09-30,4.51,4.83,$/Bushel,Yes
2017-10-07,4.49,4.84,$/Bushel,Yes
2017-10-14,4.70,4.92,$/Bushel,Yes
2017-10-21,4.69,4.92,$/Bushel,Yes
2017-10-28,4.69,4.87,$/Bushel,Yes
2017-11-04,4.76,4.91,$/Bushel,Yes
2017-11-11,4.91,5.02,$/Bushel,Yes
2017-11-18,4.87,4.95,$/Bushel,Yes
2017-11-25,4.82,4.95,$/Bushel,Yes
2017-12-02,4.77,4.89,$/Bushel,Yes
2017-12-09,4.75,4.91,$/Bushel,Yes
2017-12-16,4.66,4.81,$/Bushel,Yes
2017-12-23,3.39,4.86,$/Bushel,Yes
2017-12-30,4.78,4.91,$/Bushel,Yes
2018-01-02,4.92,5.03,$/Bushel,No
2018-01-03,4.99,5.10,$/Bushel,No
2018-01-04,4.97,5.08,$/Bushel,No
2018-01-05,4.95,5.07,$/Bushel,No
2018-01-08,4.91,5.02,$/Bushel,No
2018-01-09,4.98,5.15,$/Bushel,No
2018-01-10,5.05,5.16,$/Bushel,No
2018-01-11,5.05,5.16,$/Bushel,No
2018-01-12,4.91,5.02,$/Bushel,No
2018-01-16,4.87,4.98,$/Bushel,No
2018-01-17,4.91,5.03,$/Bushel,No
2018-01-18,4.93,5.05,$/Bushel,No
2018-01-19,4.92,5.03,$/Bushel,No
2018-01-22,4.93,5.04,$/Bushel,No
2018-01-23,4.88,4.99,$/Bushel,No
2018-01-24,4.98,5.09,$/Bushel,No
2018-01-25,5.00,5.11,$/Bushel,No
2018-01-26,5.08,5.19,$/Bushel,No
2018-01-29,5.17,5.29,$/Bushel,No
2018-01-30,4.25,4.45,$/Bushel,No
2018-01-31,5.21,5.46,$/Bushel,No
2018-02-01,5.23,5.46,$/Bushel,No
2018-02-02,5.18,5.42,$/Bushel,No
2018-02-05,5.26,5.40,$/Bushel,No
2018-02-06,5.31,5.48,$/Bushel,No
2018-02-07,5.43,5.60,$/Bushel,No
2018-02-08,5.27,5.51,$/Bushel,No
2018-02-09,5.27,5.42,$/Bushel,No
2018-02-12,5.32,5.52,$/Bushel,No
2018-02-13,5.28,5.49,$/Bushel,No
2018-02-14,5.22,5.44,$/Bushel,No
2018-02-15,5.31,5.45,$/Bushel,No
2018-02-16,5.31,5.54,$/Bushel,No
2018-02-20,5.21,5.48,$/Bushel,No
2018-02-21,5.15,5.42,$/Bushel,No
2018-02-22,5.20,5.47,$/Bushel,No
2018-02-23,5.18,5.45,$/Bushel,No
2018-02-26,5.28,5.54,$/Bushel,No
2018-02-27,5.40,5.60,$/Bushel,No
2018-02-28,5.53,5.76,$/Bushel,No
2018-03-01,5.79,5.92,$/Bushel,No
2018-03-02,5.66,5.82,$/Bushel,No
2018-03-05,5.78,5.94,$/Bushel,No
2018-03-06,5.74,5.90,$/Bushel,No
2018-03-07,5.69,5.83,$/Bushel,No
2018-03-08,5.67,5.82,$/Bushel,No
2018-03-09,5.56,5.69,$/Bushel,No
2018-03-12,5.56,5.71,$/Bushel,No
2018-03-13,5.55,5.74,$/Bushel,No
2018-03-14,5.60,5.68,$/Bushel,No
2018-03-15,5.48,5.57,$/Bushel,No
2018-03-16,5.34,5.43,$/Bushel,No
2018-03-19,5.05,5.19,$/Bushel,No
2018-03-20,5.05,5.19,$/Bushel,No
2018-03-21,5.02,5.14,$/Bushel,No
2018-03-22,5.07,5.20,$/Bushel,No
2018-03-23,5.15,5.38,$/Bushel,No
2018-03-26,5.03,5.17,$/Bushel,No
2018-03-27,4.99,5.13,$/Bushel,No
2018-03-28,4.96,5.10,$/Bushel,No
2018-03-29,5.02,5.16,$/Bushel,No
2018-04-03,5.28,5.38,$/Bushel,No
2018-04-04,5.30,5.40,$/Bushel,No
2018-04-05,5.41,5.52,$/Bushel,No
2018-04-06,5.51,5.62,$/Bushel,No
2018-04-09,5.67,5.84,$/Bushel,No
2018-04-10,5.65,5.83,$/Bushel,No
2018-04-11,5.59,5.75,$/Bushel,No
2018-04-12,5.52,5.58,$/Bushel,No
2018-04-13,5.40,5.46,$/Bushel,No
2018-04-16,5.23,5.29,$/Bushel,No
2018-04-17,5.25,5.31,$/Bushel,No
2018-04-18,4.33,5.42,$/Bushel,No
2018-04-19,5.40,5.49,$/Bushel,No
2018-04-20,5.27,5.36,$/Bushel,No
2018-04-23,5.28,5.37,$/Bushel,No
2018-04-24,5.37,5.47,$/Bushel,No
2018-04-25,5.51,5.61,$/Bushel,No
2018-04-26,5.46,5.55,$/Bushel,No
2018-04-27,5.57,5.66,$/Bushel,No
2018-04-30,5.63,5.73,$/Bushel,No
2018-05-01,5.82,5.89,$/Bushel,No
2018-05-02,5.85,5.91,$/Bushel,No
2018-05-03,5.97,6.03,$/Bushel,No
2018-05-04,5.84,5.91,$/Bushel,No
2018-05-07,5.69,5.80,$/Bushel,No
2018-05-08,5.68,5.79,$/Bushel,No
2018-05-09,5.61,5.72,$/Bushel,No
2018-05-10,5.56,5.68,$/Bushel,No
2018-05-11,5.47,5.59,$/Bushel,No
2018-05-14,5.38,5.50,$/Bushel,No
2018-05-15,5.38,5.50,$/Bushel,No
2018-05-16,5.45,5.59,$/Bushel,No
2018-05-17,5.50,5.64,$/Bushel,No
2018-05-18,5.69,5.83,$/Bushel,No
2018-05-21,5.56,5.71,$/Bushel,No
2018-05-22,5.70,5.90,$/Bushel,No
2018-05-23,5.91,6.01,$/Bushel,No
2018-05-24,5.79,5.94,$/Bushel,No
2018-05-25,6.01,6.09,$/Bushel,No
2018-05-29,5.90,6.03,$/Bushel,No
2018-05-30,5.74,5.80,$/Bushel,No
2018-05-31,5.76,5.83,$/Bushel,No
2018-06-01,5.74,5.85,$/Bushel,No
2018-06-04,5.55,5.67,$/Bushel,No
2018-06-05,5.63,5.74,$/Bushel,No
2018-06-06,5.79,5.86,$/Bushel,No
2018-06-07,5.79,5.90,$/Bushel,No
2018-06-08,5.73,5.84,$/Bushel,No
2018-06-11,5.69,5.79,$/Bushel,No
2018-06-12,5.83,5.98,$/Bushel,No
2018-06-13,5.69,5.84,$/Bushel,No
2018-06-14,5.52,5.59,$/Bushel,No
2018-06-15,5.49,5.56,$/Bushel,No
2018-06-18,5.30,5.44,$/Bushel,No
2018-06-19,5.13,5.28,$/Bushel,No
2018-06-20,5.19,5.33,$/Bushel,No
2018-06-21,5.23,5.38,$/Bushel,No
2018-06-22,5.16,5.33,$/Bushel,No
2018-06-25,4.97,5.14,$/Bushel,No
2018-06-26,4.86,5.03,$/Bushel,No
2018-06-27,4.90,5.05,$/Bushel,No
2018-06-28,4.88,5.02,$/Bushel,No
2018-06-29,5.05,5.18,$/Bushel,No
2018-07-02,4.92,4.95,$/Bushel,No
2018-07-03,5.04,5.09,$/Bushel,No
2018-07-05,5.15,5.30,$/Bushel,No
2018-07-06,5.25,5.40,$/Bushel,No
2018-07-09,5.18,5.33,$/Bushel,No
2018-07-10,5.04,5.21,$/Bushel,No
2018-07-11,4.86,5.01,$/Bushel,No
2018-07-12,4.91,5.05,$/Bushel,No
2018-07-13,5.01,5.16,$/Bushel,No
2018-07-16,4.94,5.09,$/Bushel,No
2018-07-17,5.00,5.15,$/Bushel,No
2018-07-18,4.97,5.07,$/Bushel,No
2018-07-19,5.06,5.21,$/Bushel,No
2018-07-20,5.18,5.33,$/Bushel,No
2018-07-23,5.20,5.35,$/Bushel,No
2018-07-24,5.14,5.30,$/Bushel,No
2018-07-25,5.45,5.60,$/Bushel,No
2018-07-26,5.34,5.49,$/Bushel,No
2018-07-27,5.37,5.52,$/Bushel,No
2018-07-30,5.42,5.67,$/Bushel,No
2018-07-31,5.51,5.76,$/Bushel,No
2018-08-01,5.48,5.81,$/Bushel,No
2018-08-02,5.49,5.82,$/Bushel,No
2018-08-03,5.37,5.80,$/Bushel,No
2018-08-06,5.55,5.79,$/Bushel,No
2018-08-07,5.49,5.69,$/Bushel,No
2018-08-08,5.52,5.87,$/Bushel,No
2018-08-09,5.45,5.81,$/Bushel,No
2018-08-10,5.27,5.59,$/Bushel,No
2018-08-13,5.11,5.40,$/Bushel,No
2018-08-14,5.14,5.45,$/Bushel,No
2018-08-15,5.03,5.35,$/Bushel,No
2018-08-16,5.25,5.47,$/Bushel,No
2018-08-17,5.41,5.62,$/Bushel,No
2018-08-20,5.26,5.44,$/Bushel,No
2018-08-21,5.12,5.31,$/Bushel,No
2018-08-22,5.11,5.37,$/Bushel,No
2018-08-23,5.08,5.34,$/Bushel,No
2018-08-24,5.09,5.21,$/Bushel,No
2018-08-27,4.85,5.08,$/Bushel,No
2018-08-28,4.83,5.06,$/Bushel,No
2018-08-29,5.03,5.27,$/Bushel,No
2018-08-30,4.96,5.21,$/Bushel,No
2018-08-31,5.31,5.46,$/Bushel,No
2018-09-04,5.15,5.32,$/Bushel,No
2018-09-05,4.96,5.11,$/Bushel,No
2018-09-06,4.94,5.06,$/Bushel,No
2018-09-07,4.92,5.04,$/Bushel,No
2018-09-10,5.08,5.20,$/Bushel,No
2018-09-11,5.00,5.12,$/Bushel,No
2018-09-12,4.84,4.96,$/Bushel,No
2018-09-13,4.79,4.91,$/Bushel,No
2018-09-14,4.94,5.06,$/Bushel,No
2018-09-17,4.90,5.02,$/Bushel,No
2018-09-18,4.94,5.06,$/Bushel,No
2018-09-19,5.03,5.16,$/Bushel,No
2018-09-20,5.05,5.32,$/Bushel,No
2018-09-21,5.03,5.30,$/Bushel,No
2018-09-24,5.07,5.45,$/Bushel,No
2018-09-25,4.98,5.27,$/Bushel,No
2018-09-26,5.06,5.26,$/Bushel,No
2018-09-27,5.03,5.22,$/Bushel,No
2018-09-28,4.97,5.16,$/Bushel,No
2018-10-02,5.23,5.32,$/Bushel,No
2018-10-03,5.18,5.28,$/Bushel,No
2018-10-04,5.22,5.38,$/Bushel,No
2018-10-05,5.26,5.40,$/Bushel,No
2018-10-09,5.20,5.36,$/Bushel,No
2018-10-10,5.16,5.32,$/Bushel,No
2018-10-11,5.13,5.38,$/Bushel,No
2018-10-12,5.34,5.41,$/Bushel,No
2018-10-15,5.32,5.53,$/Bushel,No
2018-10-16,5.28,5.48,$/Bushel,No
2018-10-17,5.23,5.41,$/Bushel,No
2018-10-18,5.20,5.34,$/Bushel,No
2018-10-19,5.20,5.36,$/Bushel,No
2018-10-22,5.11,5.27,$/Bushel,No
2018-10-23,5.11,5.27,$/Bushel,No
2018-10-24,5.02,5.17,$/Bushel,No
2018-10-25,4.91,5.06,$/Bushel,No
2018-10-26,5.22,5.25,$/Bushel,No
2018-10-29,5.22,5.25,$/Bushel,No
2018-10-30,5.16,5.19,$/Bushel,No
2018-10-31,5.15,5.19,$/Bushel,No
2018-11-01,5.25,5.32,$/Bushel,No
2018-11-02,5.36,5.44,$/Bushel,No
2018-11-05,5.41,5.44,$/Bushel,No
2018-11-06,5.47,5.51,$/Bushel,No
2018-11-07,5.41,5.45,$/Bushel,No
2018-11-08,5.36,5.40,$/Bushel,No
2018-11-09,5.26,5.30,$/Bushel,No
2018-11-13,5.25,5.29,$/Bushel,No
2018-11-14,5.20,5.25,$/Bushel,No
2018-11-15,5.20,5.24,$/Bushel,No
2018-11-16,5.25,5.28,$/Bushel,No
2018-11-19,5.17,5.20,$/Bushel,No
2018-11-21,5.12,5.14,$/Bushel,No
2018-11-26,5.07,5.10,$/Bushel,No
2018-11-27,5.01,5.06,$/Bushel,No
2018-11-28,5.10,5.22,$/Bushel,No
2018-11-29,5.09,5.22,$/Bushel,No
2018-11-30,5.17,5.28,$/Bushel,No
2018-12-03,5.27,5.39,$/Bushel,No
2018-12-04,5.36,5.40,$/Bushel,No
2018-12-06,5.26,5.32,$/Bushel,No
2018-12-07,5.45,5.51,$/Bushel,No
2018-12-10,5.44,5.49,$/Bushel,No
2018-12-11,5.38,5.45,$/Bushel,No
2018-12-12,5.45,5.51,$/Bushel,No
2018-12-13,5.54,5.60,$/Bushel,No
2018-12-14,5.52,5.58,$/Bushel,No
2018-12-17,5.56,5.62,$/Bushel,No
2018-12-18,5.46,5.57,$/Bushel,No
2018-12-19,5.40,5.48,$/Bushel,No
2018-12-20,5.33,5.49,$/Bushel,No
2018-12-21,5.32,5.42,$/Bushel,No
2018-12-27,5.23,5.35,$/Bushel,No
2018-12-28,5.26,5.36,$/Bushel,No
2018-12-31,5.19,5.28,$/Bushel,No
2019-01-02,5.23,5.27,$/Bushel,No
2019-01-03,5.34,5.46,$/Bushel,No
2019-01-04,5.37,5.49,$/Bushel,No
2019-01-07,5.34,5.42,$/Bushel,No
2019-01-08,5.36,5.40,$/Bushel,No
2019-01-09,5.36,5.45,$/Bushel,No
2019-01-10,5.29,5.38,$/Bushel,No
2019-01-11,5.35,5.45,$/Bushel,No
2019-01-14,5.34,5.43,$/Bushel,No
2019-01-15,5.30,5.37,$/Bushel,No
2019-01-16,5.31,5.38,$/Bushel,No
2019-01-17,5.39,5.57,$/Bushel,No
2019-01-18,5.41,5.48,$/Bushel,No
2019-01-23,5.50,5.58,$/Bushel,No
2019-01-24,5.46,5.55,$/Bushel,No
2019-01-25,5.44,5.53,$/Bushel,No
2019-01-28,5.41,5.50,$/Bushel,No
2019-01-29,5.35,5.44,$/Bushel,No
2019-01-30,5.37,5.48,$/Bushel,No
2019-01-31,5.34,5.42,$/Bushel,No
2019-02-01,5.43,5.53,$/Bushel,No
2019-02-04,5.47,5.55,$/Bushel,No
2019-02-05,5.48,5.57,$/Bushel,No
2019-02-06,5.46,5.58,$/Bushel,No
2019-02-07,5.33,5.45,$/Bushel,No
2019-02-08,5.35,5.44,$/Bushel,No
2019-02-11,5.34,5.44,$/Bushel,No
2019-02-12,5.33,5.41,$/Bushel,No
2019-02-13,5.35,5.43,$/Bushel,No
2019-02-14,5.22,5.32,$/Bushel,No
2019-02-15,5.17,5.28,$/Bushel,No
2019-02-19,5.01,5.13,$/Bushel,No
2019-02-20,4.91,5.02,$/Bushel,No
2019-02-21,4.96,5.07,$/Bushel,No
2019-02-22,5.03,5.09,$/Bushel,No
2019-02-25,4.87,4.94,$/Bushel,No
2019-02-26,4.81,4.89,$/Bushel,No
2019-02-27,4.83,4.92,$/Bushel,No
2019-02-28,4.89,4.90,$/Bushel,No
2019-03-01,4.89,4.90,$/Bushel,No
2019-03-04,4.88,4.89,$/Bushel,No
2019-03-05,4.96,4.97,$/Bushel,No
2019-03-06,4.78,4.84,$/Bushel,No
2019-03-07,4.67,4.73,$/Bushel,No
2019-03-08,4.70,4.76,$/Bushel,No
2019-03-11,4.60,4.73,$/Bushel,No
2019-03-12,4.82,4.88,$/Bushel,No
2019-03-13,4.81,4.82,$/Bushel,No
2019-03-14,4.81,4.87,$/Bushel,No
2019-03-15,4.88,4.94,$/Bushel,No
2019-03-18,4.81,4.88,$/Bushel,No
2019-03-19,4.82,4.87,$/Bushel,No
2019-03-20,4.94,4.96,$/Bushel,No
2019-03-21,4.96,4.99,$/Bushel,No
2019-03-22,4.95,4.97,$/Bushel,No
2019-03-25,4.98,5.04,$/Bushel,No
2019-03-26,4.93,4.95,$/Bushel,No
2019-03-27,4.94,4.96,$/Bushel,No
2019-03-28,4.88,4.90,$/Bushel,No
2019-03-29,4.80,4.90,$/Bushel,No
2019-04-01,4.84,4.94,$/Bushel,No
2019-04-02,4.82,4.93,$/Bushel,No
2019-04-03,4.87,4.96,$/Bushel,No
2019-04-04,4.90,5.02,$/Bushel,No
2019-04-05,4.91,4.96,$/Bushel,No
2019-04-08,4.91,4.96,$/Bushel,No
2019-04-09,4.79,4.93,$/Bushel,No
2019-04-10,4.86,4.92,$/Bushel,No
2019-04-12,4.92,5.00,$/Bushel,No
2019-04-15,4.87,4.93,$/Bushel,No
2019-04-16,4.75,4.83,$/Bushel,No
2019-04-17,4.80,4.85,$/Bushel,No
2019-04-18,4.79,4.86,$/Bushel,No
2019-04-22,4.70,4.77,$/Bushel,No
2019-04-23,4.72,4.80,$/Bushel,No
2019-04-24,4.64,4.73,$/Bushel,No
2019-04-25,4.64,4.70,$/Bushel,No
2019-04-26,4.59,4.65,$/Bushel,No
2019-04-29,4.50,4.55,$/Bushel,No
2019-04-30,4.47,4.57,$/Bushel,No
2019-05-01,4.45,4.63,$/Bushel,No
2019-05-02,4.49,4.68,$/Bushel,No
2019-05-03,4.46,4.64,$/Bushel,No
2019-05-06,4.47,4.66,$/Bushel,No
2019-05-07,4.49,4.71,$/Bushel,No
2019-05-08,4.56,4.64,$/Bushel,No
2019-05-09,4.50,4.64,$/Bushel,No
2019-05-13,4.48,4.64,$/Bushel,No
2019-05-14,4.48,4.75,$/Bushel,No
2019-05-15,4.56,4.69,$/Bushel,No
2019-05-16,4.72,4.83,$/Bushel,No
2019-05-17,4.70,4.82,$/Bushel,No
2019-05-20,4.79,4.96,$/Bushel,No
2019-05-21,4.75,4.89,$/Bushel,No
2019-05-22,4.72,4.99,$/Bushel,No
2019-05-23,4.75,4.86,$/Bushel,No
2019-05-24,4.91,5.02,$/Bushel,No
2019-05-28,5.00,5.14,$/Bushel,No
2019-05-29,4.93,5.04,$/Bushel,No
2019-05-30,5.19,5.27,$/Bushel,No
2019-05-31,5.14,5.22,$/Bushel,No
2019-06-03,5.27,5.35,$/Bushel,No
2019-06-04,5.09,5.17,$/Bushel,No
2019-06-05,4.86,4.92,$/Bushel,No
2019-06-06,4.96,5.01,$/Bushel,No
2019-06-07,4.88,4.95,$/Bushel,No
2019-06-10,4.93,4.99,$/Bushel,No
2019-06-11,4.98,5.03,$/Bushel,No
2019-06-12,5.03,5.08,$/Bushel,No
2019-06-13,5.08,5.12,$/Bushel,No
2019-06-14,5.17,5.20,$/Bushel,No
2019-06-17,5.06,5.14,$/Bushel,No
2019-06-18,4.96,5.04,$/Bushel,No
2019-06-19,4.88,4.91,$/Bushel,No
2019-06-20,4.90,4.94,$/Bushel,No
2019-06-21,4.82,4.87,$/Bushel,No
2019-06-24,4.95,5.01,$/Bushel,No
2019-06-26,4.81,5.03,$/Bushel,No
2019-06-27,4.81,5.00,$/Bushel,No
2019-06-28,4.62,4.85,$/Bushel,No
2019-07-01,4.44,4.64,$/Bushel,No
2019-07-02,4.32,4.54,$/Bushel,No
2019-07-03,4.44,4.64,$/Bushel,No
2019-07-08,4.42,4.62,$/Bushel,No
2019-07-09,4.30,4.64,$/Bushel,No
2019-07-10,4.32,4.68,$/Bushel,No
2019-07-11,4.56,4.88,$/Bushel,No
2019-07-12,4.62,4.94,$/Bushel,No
2019-07-15,4.44,4.53,$/Bushel,No
2019-07-16,4.41,4.50,$/Bushel,No
2019-07-17,4.41,4.46,$/Bushel,No
2019-07-18,4.27,4.38,$/Bushel,No
2019-07-19,4.40,4.45,$/Bushel,No
2019-07-22,4.24,4.34,$/Bushel,No
2019-07-23,4.26,4.36,$/Bushel,No
2019-07-24,4.34,4.44,$/Bushel,No
2019-07-25,4.32,4.46,$/Bushel,No
2019-07-26,4.36,4.42,$/Bushel,No
2019-07-29,4.40,4.46,$/Bushel,No
2019-07-30,4.37,4.45,$/Bushel,No
2019-07-31,4.30,4.34,$/Bushel,No
2019-08-01,4.21,4.27,$/Bushel,No
2019-08-05,4.29,4.38,$/Bushel,No
2019-08-06,4.21,4.28,$/Bushel,No
2019-08-07,4.23,4.27,$/Bushel,No
2019-08-08,4.26,4.29,$/Bushel,No
2019-08-09,4.21,4.28,$/Bushel,No
2019-08-12,3.96,4.04,$/Bushel,No
2019-08-13,3.87,3.95,$/Bushel,No
2019-08-14,3.90,3.97,$/Bushel,No
2019-08-15,3.95,4.05,$/Bushel,No
2019-08-16,4.05,4.07,$/Bushel,No
2019-08-19,4.01,4.04,$/Bushel,No
2019-08-20,3.89,3.99,$/Bushel,No
2019-08-21,3.92,3.99,$/Bushel,No
2019-08-22,3.99,4.06,$/Bushel,No
2019-08-23,3.97,4.04,$/Bushel,No
2019-08-26,3.92,4.02,$/Bushel,No
2019-08-27,3.96,4.06,$/Bushel,No
2019-08-28,3.94,4.06,$/Bushel,No
2019-08-29,3.89,4.02,$/Bushel,No
2019-08-30,3.85,3.97,$/Bushel,No
2019-09-03,3.70,3.85,$/Bushel,No
2019-09-04,3.76,3.89,$/Bushel,No
2019-09-05,3.86,3.99,$/Bushel,No
2019-09-06,3.82,3.98,$/Bushel,No
2019-09-09,3.90,4.03,$/Bushel,No
2019-09-10,3.95,4.08,$/Bushel,No
2019-09-11,3.89,4.03,$/Bushel,No
2019-09-12,3.96,4.08,$/Bushel,No
2019-09-13,3.99,4.04,$/Bushel,No
2019-09-16,4.09,4.14,$/Bushel,No
2019-09-17,4.02,4.07,$/Bushel,No
2019-09-18,4.09,4.14,$/Bushel,No
2019-09-19,4.09,4.24,$/Bushel,No
2019-09-20,4.07,4.22,$/Bushel,No
2019-09-23,4.05,4.21,$/Bushel,No
2019-09-24,4.04,4.23,$/Bushel,No
2019-09-25,4.03,4.21,$/Bushel,No
2019-09-26,4.07,4.25,$/Bushel,No
2019-09-27,4.06,4.24,$/Bushel,No
2019-09-30,4.14,4.32,$/Bushel,No
2019-10-01,4.20,4.41,$/Bushel,No
2019-10-02,4.14,4.35,$/Bushel,No
2019-10-03,4.14,4.35,$/Bushel,No
2019-10-04,4.15,4.31,$/Bushel,No
2019-10-07,4.12,4.32,$/Bushel,No
2019-10-08,4.20,4.40,$/Bushel,No
2019-10-09,4.34,4.43,$/Bushel,No
2019-10-10,4.22,4.45,$/Bushel,No
2019-10-11,4.40,4.55,$/Bushel,No
2019-10-15,4.43,4.57,$/Bushel,No
2019-10-16,4.45,4.61,$/Bushel,No
2019-10-17,4.50,4.80,$/Bushel,No
2019-10-18,4.52,4.74,$/Bushel,No
2019-10-21,4.44,4.66,$/Bushel,No
2019-10-22,4.41,4.59,$/Bushel,No
2019-10-23,4.43,4.63,$/Bushel,No
2019-10-24,4.39,4.59,$/Bushel,No
2019-10-25,4.41,4.60,$/Bushel,No
2019-10-28,4.35,4.56,$/Bushel,No
2019-10-29,4.40,4.58,$/Bushel,No
2019-10-30,4.38,4.56,$/Bushel,No
2019-10-31,4.39,4.59,$/Bushel,No
2019-11-01,4.55,4.67,$/Bushel,No
2019-11-04,4.60,4.63,$/Bushel,No
2019-11-05,4.65,4.69,$/Bushel,No
2019-11-06,4.65,4.70,$/Bushel,No
2019-11-07,4.62,4.67,$/Bushel,No
2019-11-08,4.60,4.64,$/Bushel,No
2019-11-12,4.73,4.81,$/Bushel,No
2019-11-13,4.64,4.71,$/Bushel,No
2019-11-14,4.62,4.65,$/Bushel,No
2019-11-15,4.56,4.60,$/Bushel,No
2019-11-18,4.58,4.61,$/Bushel,No
2019-11-19,4.65,4.68,$/Bushel,No
2019-11-20,4.65,4.68,$/Bushel,No
2019-11-21,4.60,4.64,$/Bushel,No
2019-11-22,4.64,4.69,$/Bushel,No
2019-11-25,4.77,4.88,$/Bushel,No
2019-11-26,4.74,4.83,$/Bushel,No
2019-11-27,4.67,4.79,$/Bushel,No
2019-12-02,4.77,4.81,$/Bushel,No
2019-12-03,4.75,4.85,$/Bushel,No
2019-12-04,4.81,4.89,$/Bushel,No
2019-12-05,4.76,4.84,$/Bushel,No
2019-12-06,4.72,4.80,$/Bushel,No
2019-12-09,4.61,4.80,$/Bushel,No
2019-12-10,4.66,4.86,$/Bushel,No
2019-12-11,4.65,4.85,$/Bushel,No
2019-12-12,4.79,4.91,$/Bushel,No
2019-12-13,4.78,4.91,$/Bushel,No
2019-12-16,4.90,5.10,$/Bushel,No
2019-12-17,4.96,5.02,$/Bushel,No
2019-12-18,4.90,4.95,$/Bushel,No
2019-12-19,4.87,4.93,$/Bushel,No
2019-12-20,4.89,4.95,$/Bushel,No
2019-12-23,4.85,4.91,$/Bushel,No
2019-12-26,4.99,5.03,$/Bushel,No
2019-12-27,5.03,5.12,$/Bushel,No
2019-12-30,5.03,5.13,$/Bushel,No
2019-12-31,5.08,5.12,$/Bushel,No
2020-01-02,4.90,5.06,$/Bushel,No
2020-01-03,4.84,4.96,$/Bushel,No
2020-01-06,4.87,4.93,$/Bushel,No
2020-01-07,4.85,4.91,$/Bushel,No
2020-01-08,4.85,4.96,$/Bushel,No
2020-01-09,4.95,5.03,$/Bushel,No
2020-01-10,4.99,5.07,$/Bushel,No
2020-01-13,4.95,5.05,$/Bushel,No
2020-01-14,5.01,5.10,$/Bushel,No
2020-01-15,5.00,5.09,$/Bushel,No
2020-01-16,4.88,4.97,$/Bushel,No
2020-01-17,5.00,5.07,$/Bushel,No
2020-01-21,5.05,5.15,$/Bushel,No
2020-01-23,4.97,5.07,$/Bushel,No
2020-01-24,4.97,5.00,$/Bushel,No
2020-01-27,4.95,4.98,$/Bushel,No
2020-01-28,4.91,4.94,$/Bushel,No
2020-01-29,4.81,4.87,$/Bushel,No
2020-01-30,4.80,4.86,$/Bushel,No
2020-01-31,4.76,4.85,$/Bushel,No
2020-02-03,4.81,4.88,$/Bushel,No
2020-02-04,4.82,4.89,$/Bushel,No
2020-02-05,4.88,4.94,$/Bushel,No
2020-02-06,4.82,4.94,$/Bushel,No
2020-02-07,4.87,4.99,$/Bushel,No
2020-02-10,4.92,4.94,$/Bushel,No
2020-02-11,4.87,4.98,$/Bushel,No
2020-02-12,4.90,5.00,$/Bushel,No
2020-02-13,4.86,4.96,$/Bushel,No
2020-02-14,4.86,4.94,$/Bushel,No
2020-02-18,5.06,5.16,$/Bushel,No
2020-02-19,4.99,5.10,$/Bushel,No
2020-02-20,4.93,5.05,$/Bushel,No
2020-02-21,4.88,5.02,$/Bushel,No
2020-02-24,4.72,4.86,$/Bushel,No
2020-02-25,4.75,4.90,$/Bushel,No
2020-02-26,4.71,4.88,$/Bushel,No
2020-02-27,4.62,4.80,$/Bushel,No
2020-02-28,4.64,4.82,$/Bushel,No
2020-03-02,4.75,4.86,$/Bushel,No
2020-03-03,4.75,4.93,$/Bushel,No
2020-03-04,4.70,4.88,$/Bushel,No
2020-03-05,4.63,4.81,$/Bushel,No
2020-03-06,4.63,4.81,$/Bushel,No
2020-03-09,4.58,4.76,$/Bushel,No
2020-03-10,4.62,4.79,$/Bushel,No
2020-03-11,4.60,4.72,$/Bushel,No
2020-03-12,4.59,4.72,$/Bushel,No
2020-03-13,4.58,4.71,$/Bushel,No
2020-03-16,4.50,4.63,$/Bushel,No
2020-03-17,4.59,4.76,$/Bushel,No
2020-03-18,4.73,4.90,$/Bushel,No
2020-03-19,4.92,5.09,$/Bushel,No
2020-03-20,4.96,5.13,$/Bushel,No
2020-03-23,5.16,5.26,$/Bushel,No
2020-03-24,5.17,5.27,$/Bushel,No
2020-03-25,5.27,5.33,$/Bushel,No
2020-03-26,5.16,5.22,$/Bushel,No
2020-03-27,5.16,5.21,$/Bushel,No
2020-03-30,5.16,5.21,$/Bushel,No
2020-03-31,5.20,5.28,$/Bushel,No
2020-04-01,5.02,5.10,$/Bushel,No
2020-04-02,4.91,4.99,$/Bushel,No
2020-04-03,4.96,5.04,$/Bushel,No
2020-04-06,4.99,5.07,$/Bushel,No
2020-04-07,4.97,5.05,$/Bushel,No
2020-04-08,4.99,5.10,$/Bushel,No
2020-04-09,5.10,5.21,$/Bushel,No
2020-04-13,5.12,5.26,$/Bushel,No
2020-04-14,5.04,5.15,$/Bushel,No
2020-04-15,5.00,5.11,$/Bushel,No
2020-04-16,4.91,5.06,$/Bushel,No
2020-04-17,4.99,5.10,$/Bushel,No
2020-04-20,5.11,5.19,$/Bushel,No
2020-04-21,5.12,5.21,$/Bushel,No
2020-04-22,5.04,5.14,$/Bushel,No
2020-04-23,4.99,5.09,$/Bushel,No
2020-04-24,4.88,4.99,$/Bushel,No
2020-04-27,4.83,4.92,$/Bushel,No
2020-04-28,4.94,4.97,$/Bushel,No
2020-04-29,4.83,4.90,$/Bushel,No
2020-04-30,4.93,5.01,$/Bushel,No
2020-05-01,4.89,4.95,$/Bushel,No
2020-05-04,4.99,5.11,$/Bushel,No
2020-05-05,4.96,5.06,$/Bushel,No
2020-05-06,4.89,5.02,$/Bushel,No
2020-05-07,4.90,5.03,$/Bushel,No
2020-05-08,4.92,5.04,$/Bushel,No
2020-05-11,4.88,4.99,$/Bushel,No
2020-05-12,4.81,4.89,$/Bushel,No
2020-05-13,4.66,4.74,$/Bushel,No
2020-05-14,4.62,4.68,$/Bushel,No
2020-05-15,4.63,4.71,$/Bushel,No
2020-05-18,4.58,4.66,$/Bushel,No
2020-05-19,4.53,4.73,$/Bushel,No
2020-05-20,4.65,4.85,$/Bushel,No
2020-05-21,4.71,4.91,$/Bushel,No
2020-05-22,4.67,4.81,$/Bushel,No
2020-05-26,4.70,4.84,$/Bushel,No
2020-05-27,4.74,4.88,$/Bushel,No
2020-05-28,4.91,5.01,$/Bushel,No
2020-05-29,5.01,5.07,$/Bushel,No
2020-06-01,4.93,4.99,$/Bushel,No
2020-06-02,4.81,4.87,$/Bushel,No
2020-06-03,4.87,4.92,$/Bushel,No
2020-06-04,5.01,5.07,$/Bushel,No
2020-06-05,4.84,4.94,$/Bushel,No
2020-06-08,4.83,4.94,$/Bushel,No
2020-06-09,4.80,4.90,$/Bushel,No
2020-06-10,4.86,4.90,$/Bushel,No
2020-06-11,4.76,4.80,$/Bushel,No
2020-06-12,4.74,4.79,$/Bushel,No
2020-06-15,4.71,4.76,$/Bushel,No
2020-06-16,4.67,4.69,$/Bushel,No
2020-06-17,4.54,4.63,$/Bushel,No
2020-06-18,4.50,4.59,$/Bushel,No
2020-06-19,4.50,4.59,$/Bushel,No
2020-06-22,4.53,4.64,$/Bushel,No
2020-06-23,4.57,4.67,$/Bushel,No
2020-06-24,4.48,4.57,$/Bushel,No
2020-06-25,4.46,4.55,$/Bushel,No
2020-06-26,4.36,4.45,$/Bushel,No
2020-06-29,4.46,4.54,$/Bushel,No
2020-06-30,4.49,4.55,$/Bushel,No
2020-07-02,4.31,4.50,$/Bushel,No
2020-07-06,4.37,4.54,$/Bushel,No
2020-07-07,4.24,4.56,$/Bushel,No
